,FPR@95,AUROC,AUPR_IN,AUPR_OUT,ACC
cifar100,32.98888888888889,91.58569259259258,92.17555449047849,90.32303828421767,95.22222222222221
tin,16.966666666666665,96.13923321499352,96.95605188811022,95.02891782825218,95.22222222222221
nearood,24.977777777777778,93.86246290379306,94.56580318929436,92.67597805623492,95.22222222222221
mnist,2.433333333333333,99.27793761904762,97.30666158059454,99.87640257158222,95.22222222222221
svhn,6.777777777777779,98.24473020385169,97.04609372149336,99.11556775447463,95.22222222222221
texture,12.211111111111112,97.58963061465721,98.43544978677068,96.48029048916807,95.22222222222221
places365,15.322222222222223,96.60115704566621,91.57880651736915,98.94069250448663,95.22222222222221
farood,9.186111111111112,97.92836387080568,96.09175290155693,98.60323832992788,95.22222222222221
