,FPR@95,AUROC,AUPR_IN,AUPR_OUT,ACC
cifar10,76.3,70.96702444444443,69.86917728305697,68.7820606747402,77.16666666666666
tin,40.922222222222224,89.04140787278237,92.24204476636413,84.61528624770584,77.16666666666666
nearood,58.611111111111114,80.0042161586134,81.05561102471054,76.69867346122302,77.16666666666666
mnist,16.88888888888889,95.36292722222223,85.8525664528397,99.15549950488129,77.16666666666666
svhn,26.744444444444444,91.91971654544834,86.9769076597937,95.9201284587672,77.16666666666666
texture,70.84444444444445,84.05798857368006,85.3576969572448,80.10081104451315,77.16666666666666
places365,56.21111111111111,83.56153469076217,63.84383329963546,94.2130229552268,77.16666666666666
farood,42.672222222222224,88.7255417580282,80.50775109237843,92.34736549084711,77.16666666666666
