,FPR@95,AUROC,AUPR_IN,AUPR_OUT,ACC
cifar100,32.355555555555554,92.0980913580247,92.42248040149254,91.46956237399107,95.22222222222221
tin,16.7,96.19706146541768,96.98583308857384,95.11617049214253,95.22222222222221
nearood,24.527777777777775,94.14757641172119,94.70415674503319,93.2928664330668,95.22222222222221
mnist,7.5777777777777775,98.40602412698412,93.91031879037115,99.75366828591355,95.22222222222221
svhn,6.644444444444445,98.38661220378337,97.05317511151796,99.27109578881105,95.22222222222221
texture,20.766666666666666,95.77633569739952,97.13995541758871,93.89879209721869,95.22222222222221
places365,17.0,96.29599374911209,90.96065503488582,98.84434672750176,95.22222222222221
farood,12.997222222222224,97.21624144431978,94.7660260885909,97.94197572486127,95.22222222222221
