,FPR@95,AUROC,AUPR_IN,AUPR_OUT,ACC
cifar100,32.05555555555556,91.93495925925926,92.4155783720527,90.94402144266589,95.22222222222221
tin,15.6,96.47395739766456,97.19227399890798,95.49912592502707,95.22222222222221
nearood,23.827777777777776,94.20445832846191,94.80392618548035,93.22157368384649,95.22222222222221
mnist,3.277777777777778,99.3023719047619,96.96159922121,99.89879392832532,95.22222222222221
svhn,5.7444444444444445,98.56572935873797,97.37896752210811,99.33045506390515,95.22222222222221
texture,14.733333333333334,97.10198581560284,98.04059762991237,95.87032126926565,95.22222222222221
places365,16.022222222222222,96.50043519439313,91.44543785439517,98.92096722650177,95.22222222222221
farood,9.944444444444445,97.86763056837397,95.95665055690641,98.50513437199947,95.22222222222221
