,FPR@95,AUROC,AUPR_IN,AUPR_OUT,ACC
cifar10,74.07777777777778,70.07949944444445,70.10972802090637,67.45810613266869,77.37777777777778
tin,42.68888888888889,88.59826761330747,91.74683202551476,84.00766607063395,77.37777777777778
nearood,58.38333333333333,79.33888352887595,80.92828002321058,75.73288610165132,77.37777777777778
mnist,18.27777777777778,95.69809960317461,85.82689712445845,99.29683440329421,77.37777777777778
svhn,29.744444444444447,90.91255463361334,85.10945829949601,95.10053932525857,77.37777777777778
texture,67.44444444444444,83.516536643026,86.80915784117647,78.28128673951132,77.37777777777778
places365,55.722222222222214,83.86733485328517,63.56159606919911,94.35755845396172,77.37777777777778
farood,42.79722222222222,88.4986314332748,80.32677733358251,91.75905473050646,77.37777777777778
