,FPR@95,AUROC,AUPR_IN,AUPR_OUT,ACC
cifar100,31.466666666666665,91.50616666666666,92.18886322541545,90.218291873405,95.22222222222221
tin,19.366666666666667,95.20670544790907,96.1835819432359,93.8385384594383,95.22222222222221
nearood,25.416666666666664,93.35643605728788,94.18622258432568,92.02841516642165,95.22222222222221
mnist,4.022222222222222,99.10887452380953,96.76443698053431,99.86295899184005,95.22222222222221
svhn,8.9,97.58734378201187,95.91310710212045,98.85765065852193,95.22222222222221
texture,14.966666666666667,96.6051842001576,97.8605229054687,94.66158335060784,95.22222222222221
places365,17.055555555555554,96.10833072879672,90.72457232937319,98.79126265168313,95.22222222222221
farood,11.23611111111111,97.35243330869392,95.31565982937416,98.04336391316323,95.22222222222221
