,FPR@95,AUROC,AUPR_IN,AUPR_OUT,ACC
cifar10,71.14444444444445,73.01833944444445,72.76746784981856,70.91997299342935,77.16666666666666
tin,49.144444444444446,85.38923621752308,89.51499313630347,79.33588143409975,77.16666666666666
nearood,60.144444444444446,79.20378783098376,81.14123049306102,75.12792721376455,77.16666666666666
mnist,23.68888888888889,94.36255380952382,80.5342705226533,99.0482004269384,77.16666666666666
svhn,36.766666666666666,88.97161292938604,81.62711955593358,94.7447958073221,77.16666666666666
texture,69.16666666666667,81.55093183609141,84.15074955551593,73.99630678272318,77.16666666666666
places365,56.56666666666666,83.15977424438326,63.098371150999185,93.96449637410802,77.16666666666666
farood,46.54722222222222,87.01121820484613,77.3526276962755,90.43844984777293,77.16666666666666
