,FPR@95,AUROC,AUPR_IN,AUPR_OUT,ACC
cifar10,72.47777777777777,73.61785944444445,72.78480653015961,71.79272613783967,77.16666666666666
tin,39.4,88.5238286171553,92.16715774178375,82.91690016057184,77.16666666666666
nearood,55.9388888888889,81.07084403079988,82.47598213597168,77.35481314920575,77.16666666666666
mnist,31.91111111111111,90.0123365079365,74.10676252000063,97.96286495070477,77.16666666666666
svhn,40.300000000000004,89.27252035955748,79.75559991886946,95.12030505360714,77.16666666666666
texture,86.93333333333332,74.5176438140268,77.68747759321523,65.36010627216004,77.16666666666666
places365,51.21111111111111,84.21974637859961,67.33056856710095,94.08622604591905,77.16666666666666
farood,52.58888888888889,84.50556176503011,74.72010214979659,88.13237558059774,77.16666666666666
