,FPR@95,AUROC,AUPR_IN,AUPR_OUT,ACC
cifar100,31.38888888888889,92.21738456790123,92.62082453671061,91.35375662558413,95.22222222222221
tin,15.266666666666667,96.60013117184937,97.29000165622585,95.69047043114857,95.22222222222221
nearood,23.32777777777778,94.4087578698753,94.95541309646823,93.52211352836635,95.22222222222221
mnist,2.933333333333333,99.36068206349206,97.32018384102909,99.90452024209957,95.22222222222221
svhn,5.644444444444444,98.48974125862185,97.41125899505329,99.27638293303006,95.22222222222221
texture,11.433333333333334,97.58392139479906,98.38059561295253,96.48565028644026,95.22222222222221
places365,15.266666666666667,96.63604552414327,91.87228064418238,98.96062474123185,95.22222222222221
farood,8.819444444444443,98.01759756026406,96.24607977330432,98.65679455070044,95.22222222222221
