,FPR@95,AUROC,AUPR_IN,AUPR_OUT,ACC
cifar100,33.1,91.2025790123457,91.83450712532616,89.98993261387966,94.63333333333334
tin,17.955555555555556,95.96373953833212,96.7352665255391,94.94254073670079,94.63333333333334
nearood,25.52777777777778,93.58315927533891,94.28488682543264,92.46623667529022,94.63333333333334
mnist,4.777777777777778,98.78101666666666,95.1942840245548,99.78713574585669,94.63333333333334
svhn,8.766666666666667,98.02345467971044,96.34825364106477,99.10689952460783,94.63333333333334
texture,14.18888888888889,97.09477245862884,97.73146186505109,96.15208989044764,94.63333333333334
places365,16.077777777777776,96.61484364887689,91.35935243563306,98.97221067784558,94.63333333333334
farood,10.952777777777778,97.62852186347071,95.15833799157592,98.50458395968943,94.63333333333334
