,FPR@95,AUROC,AUPR_IN,AUPR_OUT,ACC
cifar100,33.12222222222222,91.3196012345679,91.96195627339388,90.10135585971679,95.32222222222222
tin,17.51111111111111,95.74410368279224,96.61685668478309,94.56749442474487,95.32222222222222
nearood,25.316666666666666,93.53185245868008,94.28940647908848,92.33442514223083,95.32222222222222
mnist,20.58888888888889,93.62089992063493,84.69212337093744,98.68505780302046,95.32222222222222
svhn,12.811111111111112,96.84442993239091,94.63912619339547,98.61915683408769,95.32222222222222
texture,12.666666666666668,97.35586583924349,98.18860357468337,96.28615625701127,95.32222222222222
places365,17.61111111111111,96.35238023077773,90.4280559963461,98.89957219963742,95.32222222222222
farood,15.919444444444444,96.04339398076176,91.9869772838406,98.12248577343922,95.32222222222222
