,FPR@95,AUROC,AUPR_IN,AUPR_OUT,ACC
cifar10,76.14444444444445,70.71302888888889,70.0925279375175,68.60372480108977,77.18888888888888
tin,43.6,88.70920165491879,91.79838151389352,84.19026126816735,77.18888888888888
nearood,59.87222222222223,79.71111527190385,80.94545472570552,76.39699303462857,77.18888888888888
mnist,9.88888888888889,97.48122880952381,91.70967857748636,99.57243351263244,77.18888888888888
svhn,31.355555555555554,89.84203544355664,84.11484027409432,94.5617987801671,77.18888888888888
texture,71.73333333333333,82.45550531914894,84.94731133163181,77.44056249443224,77.18888888888888
places365,55.31111111111111,84.48884661317226,64.67422072226921,94.60756572093038,77.18888888888888
farood,42.07222222222222,88.56690404635042,81.36151272637042,91.54559012704054,77.18888888888888
