,FPR@95,AUROC,AUPR_IN,AUPR_OUT,ACC
ssb_hard,75.46666666666667,71.15861009070295,34.4959565332295,91.39756216063368,83.67777777777778
ninco,65.18888888888888,76.17094649505775,84.11398933009828,62.52222250450393,83.67777777777778
nearood,70.32777777777778,73.66477829288034,59.30497293166389,76.95989233256881,83.67777777777778
inaturalist,50.66666666666667,81.96270999999999,83.46296384147902,78.15985810292932,83.67777777777778
textures,34.67777777777778,93.04239233419466,95.17984096800868,89.02041119938497,83.67777777777778
openimage_o,68.13333333333334,77.96232486819166,68.78279511655792,84.84685404203626,83.67777777777778
farood,51.15925925925926,84.32247573412877,82.47519997534853,84.00904111478353,83.67777777777778
