,FPR@95,AUROC,AUPR_IN,AUPR_OUT,ACC
ssb_hard,78.15555555555555,69.70528106575964,32.75750807923505,91.10744191502896,83.64444444444445
ninco,65.34444444444445,75.78992837028217,84.0048304639404,62.07503330024791,83.64444444444445
nearood,71.75,72.74760471802091,58.381169271587716,76.59123760763843,83.64444444444445
inaturalist,48.53333333333333,81.20361944444447,83.49783674140505,76.95146293110042,83.64444444444445
textures,31.055555555555554,92.92154715762275,95.68083857924321,87.72156073724022,83.64444444444445
openimage_o,60.68888888888889,79.27837922994517,72.62818507339827,84.91624198666176,83.64444444444445
farood,46.75925925925925,84.4678486106708,83.93562013134884,83.1964218850008,83.64444444444445
