,FPR@95,AUROC,AUPR_IN,AUPR_OUT,ACC
ssb_hard,92.02093023255814,45.02725059326056,46.695671253887625,47.94781422418972,42.15348837209302
ninco,87.53953488372093,50.703597352816686,89.73913610229471,11.596598134206392,42.15348837209302
nearood,89.78023255813955,47.865423973038624,68.21740367809117,29.772206179198058,42.15348837209302
inaturalist,79.25348837209303,59.2739469767442,87.72264933508389,21.54865680926913,42.15348837209302
textures,75.21627906976744,79.48705381287182,96.31967865768074,37.03685331186907,42.15348837209302
openimage_o,85.88372093023256,56.459104777927415,79.21699608105915,31.520155745811557,42.15348837209302
farood,80.11782945736434,65.07336852251447,87.75310802460793,30.035221955649916,42.15348837209302
